title,label,author,num_comments,score,num_likes,timestamp
rUSC Monthly BuySell Housing Carpool and USC ticket posts go here February 2026,,ac31a11084d4,65,6,7,2026-02-01 14:01:15
USC PIBBS PhD Fall 2026,Academic,8d51b68b3864,0,1,None,2026-02-13 19:08:38
Does ZHS have study rooms,Academic,dd6c77948d52,2,1,2,2026-02-13 17:39:18
Making friends at usc,Discussion,459947c92922,7,11,12,2026-02-12 22:28:21
How to get to Irvine via Public Transport,Question,40b8d3b39dc7,8,2,3,2026-02-13 04:39:06
what dorms do you guys recc,Housing,aee098fbe3af,6,3,4,2026-02-13 00:02:24
Bike air pump on campus,Academic,4581071ba3da,6,6,7,2026-02-12 17:18:49
be so fr guys,Discussion,033a2e691cb0,18,257,258,2026-02-11 17:03:30
Sc outfitters,Discussion,459947c92922,1,13,14,2026-02-12 08:54:28
New Food truck ideathough,Question,1a5a4d3a9cf6,1,0,1,2026-02-12 19:57:12
Friends,Other,56e911b74d5e,3,1,2,2026-02-12 18:23:53
Can you imagine,FinancialAid,adad7b9b1d68,5,25,26,2026-02-12 00:18:05
Anyone at roski I can chat with,Question,c39808d1d088,1,0,1,2026-02-12 16:47:59
stolen scooter,Question,29f000ebe2e0,3,3,4,2026-02-12 07:48:46
Pickup SoccerBaseball,Question,1a5a4d3a9cf6,3,2,3,2026-02-12 06:57:46
Learn Python,Academic,feb4a005057f,7,22,23,2026-02-11 05:31:33
Why is there no NCAA Mens Cross Country team,Sports,431614fd781f,3,5,6,2026-02-11 06:23:08
MoltBot designer,Academic,3901bdbaf444,0,0,0,2026-02-11 17:54:57
usc transfer app coming up,Academic,1ec8fbaaab5b,2,1,2,2026-02-11 04:54:50
Maybe its kinda late but would anyone be willing to review my transfer essays,Admissions,199b54f6083c,9,4,5,2026-02-10 20:54:55
What the actual fuck is this USC,Discussion,257a5d6c5c4e,12,71,72,2026-02-10 04:51:57
Housing Situation Fall,Housing,6b75bc21f730,2,2,3,2026-02-10 23:46:14
Max my last semester,Other,94ca0995eedb,6,19,20,2026-02-10 06:00:19
SAM DARNOLD IS THE FIRST USC QB TO WIN A SUPER BOWL,Sports,6bb3ae699ce3,14,681,682,2026-02-09 03:36:17
Will I get rejected from a PDP if I have a W on my transcript this semester,Academic,9987478dc89c,8,2,3,2026-02-10 09:08:57
Transfer app LOR,Admissions,7bc27075946b,4,6,7,2026-02-09 23:00:44
Looking for everyones favorite dispensaries nearby,Question,14fd77630af6,9,4,5,2026-02-09 21:38:58
USC PreMed Academy,Question,943a2b71e08f,2,2,3,2026-02-10 01:09:42
East Asian Orchestra looking for musicians Cello Percussion timpani etc and all sorts of East Asian instruments,Clubs | Campus Life,770768309a5c,0,5,6,2026-02-09 05:38:30
CSS after first year,FinancialAid,5b50fa08e80d,1,3,4,2026-02-09 06:42:18
Tire Shop Taqueria Closing Time,Other,07eef888d90f,1,3,4,2026-02-09 02:18:25
USC Keck school of medicine housing,Housing,ed1b8350cf54,4,5,6,2026-02-08 07:32:42
How Likely is it to Have Another Roommate at Gateway on 8th Floor Penthouse,Housing,d387588b80c7,6,0,1,2026-02-08 01:10:03
on campus places to study on weekends,Question,af5934d4e401,3,6,7,2026-02-07 04:48:25
W 30th Street noise,Housing,d1957c4b3db8,13,7,8,2026-02-07 02:55:13
USC Winter Olympians 2026,Sports,90d813cf75d0,2,20,21,2026-02-06 20:03:24
Whats TCCs The Consulting Clubs acceptance rate,Clubs | Campus Life,40b8d3b39dc7,0,3,4,2026-02-07 03:09:08
Looking for people interested in going camping every now  then dont have a car,Question,f98e04ab55fa,1,11,12,2026-02-06 17:25:20
Gateway best view,Housing,5d2c09fa24ce,5,2,3,2026-02-07 05:04:17
Cost of attendance is brutal and idk what to do,FinancialAid,4d7d7d1bf6ea,106,106,107,2026-02-05 21:19:58
How do i book a room at JFF,Question,98e08a6a4a37,3,7,8,2026-02-06 04:13:14
Bangs in Exposition Park,News,f77215daa079,6,37,38,2026-02-05 18:16:37
Career fair,Discussion,adad7b9b1d68,1,9,10,2026-02-06 01:32:28
Did anyone get an accurate estimated cost of attendance,FinancialAid,71f4620f5bd4,9,2,3,2026-02-05 23:07:57
How long does advisor Leon Johnson usually take to reply to emailsadviseUSC,Academic,731b7500c3c7,10,4,5,2026-02-05 20:12:13
Merit Scholarships,FinancialAid,a780465652fd,9,12,13,2026-02-05 05:15:54
Anyone know of where to find Parties,Clubs | Campus Life,ffcb0ee707ce,8,7,8,2026-02-05 08:09:53
ChatGPT Codex,Question,621de252094a,1,0,0,2026-02-05 23:40:26
hopeless spittle,News,a43112ea688e,9,28,29,2026-02-04 21:31:58
1 bed  studio,Housing,6b75bc21f730,13,10,11,2026-02-05 02:23:07
Marshall internal transfer grades,Academic,e576c90d7424,3,3,4,2026-02-05 01:04:04
Would students studying Construction Management have any interest in a part time jobrole,Other,3238b3431d3a,2,5,6,2026-02-04 19:03:42
placing a bounty on dubai chocolate chewy cookie,News,a43112ea688e,2,2,3,2026-02-04 21:30:22
Is USC worth it,Academic,ea928f78b9ea,21,10,11,2026-02-04 09:46:18
Why do Marshall students get a badish rep,Question,d38763eb22ec,17,24,25,2026-02-03 23:26:37
Coffee shops or restaurants near Galen Center,Question,89dcac35adf8,15,13,14,2026-02-04 02:25:44
is the trojan network really just for marshall and SCA,Question,4d7d7d1bf6ea,18,27,28,2026-02-03 19:43:50
Anyone up for a Palentines Day,Other,7c458bd52d20,3,18,19,2026-02-03 18:05:36
Where do you store money for clubs,Clubs | Campus Life,c08dd7e1930d,6,3,4,2026-02-04 01:08:52
Can I add on a double major if its from a different school at USC,Academic,7995f179cb5f,5,7,8,2026-02-03 17:14:29
Village parking,Academic,dd6c77948d52,17,10,11,2026-02-03 14:56:34
Is GIS Valid,Academic,ffcb0ee707ce,1,2,3,2026-02-03 22:16:03
class not being recorded,Question,bc4ca451e9f5,9,10,11,2026-02-03 05:51:59
Is this a good sign or sent to eveyonemost people,Question,e0c030c1b60f,12,10,11,2026-02-03 05:23:43
SCA Interview Tips,Admissions,71f4620f5bd4,43,8,9,2026-02-03 02:52:28
Is Ditto Valid,Other,ffcb0ee707ce,2,6,7,2026-02-03 01:02:49
USC Internship ExpoCareer Fairs Dress Code EngineeringTech Roles,Question,fabd15267544,4,5,6,2026-02-02 21:50:03
Town and Gown Acceptance Rates,Question,6efd1b400ca3,0,5,6,2026-02-02 22:28:47
Questions About Summer Housing Interning at Deloitte,Housing,d7b94653b2d7,6,3,4,2026-02-03 01:17:09
Annenberg MS Digital Media Management question,Question,dc8ad9da1604,2,1,2,2026-02-03 04:43:12
Anyone know what lock sizes are reliable for locking EScooters on campus,Question,ac77085808cf,2,2,3,2026-02-02 22:34:03
Thematic Option Application,Academic,ad394232727a,6,1,2,2026-02-02 15:22:48
Rooms with big mirrors,Question,bfe9c05ac746,2,4,5,2026-02-02 06:16:29
BUAD 311 Operations Study Group  Discord All course topics,Academic,bd1528dd1393,0,4,5,2026-02-02 02:40:27
Pick my Masters,Academic,851e1be758b0,6,4,5,2026-02-01 23:34:10
YouSC Scholarship Portal Dead End Help,Question,73a67444f358,1,4,5,2026-02-01 16:54:56
McCarthy requirements,Housing,912d4d1262d3,9,3,4,2026-02-01 20:14:58
roski page followed me three weeks after applying,Academic,c25e4c2beb5f,6,1,2,2026-02-01 22:07:37
rule for overnight guests that dont go to usc,Question,f4a90ebc5355,4,13,14,2026-02-01 06:08:32
Why are people getting flowers and a sign,Question,5a483244317c,5,7,8,2026-02-01 01:34:33
How to study for Bisc220,Academic,32ef3bfac6eb,1,3,4,2026-02-01 00:50:38
Could someone near frat row please do me a small favor and scan for a comb,Other,08c834139ba4,5,2,3,2026-02-01 00:59:43
Rejected from USC clubs why do I even try,Clubs | Campus Life,a1aefb854e17,50,66,67,2026-01-30 21:01:00
birnkrant or mccarthy,Housing,4d7d7d1bf6ea,33,11,12,2026-01-31 06:49:47
scholarship stacking  please help,Academic,408c096ce92c,6,12,13,2026-01-31 05:26:56
NEED CLASS URGENTLY,Academic,29f000ebe2e0,17,18,19,2026-01-31 00:53:42
Any protest at usc,USC Community Only,0d03dd5ff605,9,23,24,2026-01-30 23:10:23
Havent been able to register for classes because of late financial aid and extenuating circumstances what to do now,FinancialAid,a0b769d8b089,2,3,4,2026-01-31 08:42:59
Prof recs for Econ 352,Academic,6204f0ce7720,1,4,5,2026-01-31 05:24:54
Question  best place for running near USC,Question,a85100cb0afd,18,17,18,2026-01-30 19:59:26
How much of your Off Campus rent were you able to get covered by Financial Aid,Housing,9e1e36411df4,5,8,9,2026-01-30 20:46:15
Early Action Aid Estimates,FinancialAid,,8,3,4,2026-01-31 01:00:55
MS EE experiences,Academic,a0a5b65ded99,8,2,3,2026-01-30 17:33:54
Transfer letters of rec,Question,436419523dda,2,5,6,2026-01-30 03:33:21
Best value for meal plan swipes,Question,4f1e60d6d059,2,6,7,2026-01-30 00:38:08
Leisure BooksPopular Reading,Question,d2d7b8b58a57,5,7,8,2026-01-29 19:30:42
RED 200 hw buddy,Academic,efe644404cc1,0,3,4,2026-01-29 21:45:07
How is it commuting from the IE to campus,Question,7bb554b63a08,24,5,6,2026-01-29 17:20:40
Anyone planning to study abroad F26 in Spain  experience w abroad,Academic,84eed6557f0a,2,3,4,2026-01-29 18:37:38
how easy is it to sneak food out of village dining hall,Question,58f37bdc6506,18,26,27,2026-01-28 21:57:50
CSCI 538 ARVR,Academic,82f091629361,0,2,3,2026-01-29 01:17:40
Study abroad yes or no  Transfer student,Academic,1d8534357173,3,4,5,2026-01-28 21:12:43
Has anyone taken NAUT 301a andor BAEP 470,Academic,1956a58aa885,3,3,4,2026-01-28 18:01:54
usc fast portal not updating,FinancialAid,d358117fe796,4,4,5,2026-01-28 12:26:49
Is there anywhere on campus I can spraypaint,Question,dae430c42438,2,14,15,2026-01-28 04:46:50
USC students Quick question,Discussion,147574f49453,44,46,47,2026-01-27 20:44:52
Does usc allow u to do bfa acting and a majorminor in academics at the same time,Academic,aae9186e328a,4,5,6,2026-01-28 07:03:35
Which parking structures are the least busy,Question,1b4a74209626,6,12,13,2026-01-27 23:50:33
This is so funny,Academic,f24864dfb4b5,4,12,13,2026-01-27 22:33:05
Best chance to get village housing,Housing,40b8d3b39dc7,7,8,9,2026-01-27 23:20:33
FAST portal FAFSA issue,FinancialAid,,3,5,6,2026-01-28 01:50:36
Is study abroad even an option as a film production major,Question,ed1cb6e2679d,2,4,5,2026-01-28 02:57:08
PHED UNIT REQUIREMENT,Academic,9abfada91a12,1,5,6,2026-01-28 02:51:28
Where is the ELC,Academic,ffcb0ee707ce,3,3,4,2026-01-28 02:46:46
Phi beta kappa,Academic,09b5960a227a,1,5,6,2026-01-27 20:24:53
Bisc 220 Lab Time Switch,Academic,0e0626777c68,0,3,4,2026-01-27 23:40:09
financial aid question Laid off,Question,b8c176ecc773,6,7,8,2026-01-27 18:20:26
Car Broken into at USC Shrine Parking Structure,News,3decb47d19cc,9,37,38,2026-01-27 06:11:05
Is there a film watching club at USC,Clubs | Campus Life,09404561ba10,8,15,16,2026-01-27 06:41:20
Is timothee chalamet acc on campus,Question,0eb27ee80b89,6,16,17,2026-01-27 06:07:25
Graduation QuestionsPhotos,Question,8a346a518590,3,15,16,2026-01-27 03:34:22
academic probation CS grad student,Academic,6adb4f15a821,7,10,11,2026-01-27 05:29:59
Hows the CECS program here and any insights on USC,Question,823d25ce3e8d,1,7,8,2026-01-27 04:17:57
short answer qs,Question,0d3fca250be2,3,4,5,2026-01-27 07:56:08
Visiting AngelsHospital Services at Keck,Other,8a346a518590,7,7,8,2026-01-27 02:16:57
Course material optout refund,Question,a6cde56ddf79,3,3,4,2026-01-27 06:10:37
USC ChatGPT Hallucination,Discussion,9d7f82a354b2,10,15,16,2026-01-26 19:49:24
Freshman housing advice,Housing,c22cff5f9862,22,4,5,2026-01-26 17:08:22
My room got robbed by Maintenance,Housing,e8a45e950b88,49,65,66,2026-01-26 01:46:33
taco stand,Question,13d0210a77c8,3,16,17,2026-01-26 06:37:25
Dornsife Degree Requirement,Academic,0575c6012c9f,1,2,3,2026-01-26 17:29:34
Looking for people to be friends with,Other,feb4a005057f,34,26,27,2026-01-26 02:07:22
Transfer Help,Academic,94efefe9e05e,5,5,6,2026-01-26 00:17:17
Transfer supplemental question,Admissions,f150e0f11c3a,2,6,7,2026-01-25 21:30:48
frats,Clubs | Campus Life,34a3a1df6f32,12,22,23,2026-01-25 00:06:24
gay guys,Meme,a43112ea688e,2,0,0,2026-01-26 02:26:23
Trojan eye center student insurance,Question,a6cde56ddf79,1,5,6,2026-01-25 04:53:19
switching majors before starting first year dornsife to marshallannenberg,Academic,f2a2a74ba77f,10,6,7,2026-01-25 00:51:03
How long after grad does gym access end,Question,79fccb083add,8,16,17,2026-01-24 00:59:37
General Physician,Question,957b165fac0b,2,2,3,2026-01-24 07:38:44
Incoming international student deciding on MS Global Supply Chain Management  would love honest insights,Question,8e852bfa48c0,8,5,6,2026-01-24 03:41:05
Completion of Dornsife Foreign Lang Req Late,Academic,4cca6fb517b3,3,1,2,2026-01-24 07:25:31
Limit on lower div substitutions,Question,1432cbe2cc28,1,2,3,2026-01-24 06:46:36
Anyones Upass not renewing,Discussion,5770b4fd6091,10,8,9,2026-01-23 18:11:01
About housing applications,Housing,f58e878097d9,7,13,14,2026-01-23 02:55:47
Study abroad advice,Question,32ef3bfac6eb,2,4,5,2026-01-23 04:10:21
Transfer application,Academic,597173c06934,2,4,5,2026-01-23 05:07:08
Housing  what are the odds of successfully getting housing in village 2b4p  db,Housing,a33407ce7823,5,0,0,2026-01-23 04:13:14
Genuine question does the cia recruit from usc,Academic,c5b0d5fe7f1f,15,21,22,2026-01-22 07:32:36
FAST Portal Required Documents,Question,7aba1a093fd3,3,1,2,2026-01-22 22:13:40
Freshman Housing,Housing,9f27afffe5be,27,4,5,2026-01-22 13:36:59
Any groups for USC Fall 2026 Admits to connect,Question,0104605ddd27,13,17,18,2026-01-22 03:34:09
Not going to class until the third week,Question,f0f6a92d9eb7,5,22,23,2026-01-22 02:09:12
Places to have online meetingsZoom,Question,,6,12,13,2026-01-22 05:17:50
2 unit class reqs,Academic,1956a58aa885,12,5,6,2026-01-22 06:59:08
Hows the international relations program here,Discussion,c5b0d5fe7f1f,1,7,8,2026-01-22 04:25:14
Any crafters at USC,Question,4641ab93b0f8,13,16,17,2026-01-21 22:42:43
USC housing price increase,Housing,f4c583f663f2,3,17,18,2026-01-21 20:45:25
How early to get to the game for free shirtsswag,Sports,45ea125fa0b8,3,9,10,2026-01-21 23:51:22
Does USC have Music RecordingSound Design like courses,Academic,943fff9ff04f,8,9,10,2026-01-21 17:14:20
GERO340 USC w Prof Aaron Hagedorn,Question,9e0586e16edb,5,3,4,2026-01-21 21:35:15
poetry,Clubs | Campus Life,5b5afad86d8e,4,19,20,2026-01-21 07:38:31
Parent question thoughts on USC and the Business of Cinematic Arts program,Academic,8ab85d27455f,2,7,8,2026-01-21 09:23:09
USC Call Of Duty Last Call,Clubs | Campus Life,e6acc211aa4a,0,11,12,2026-01-21 00:14:15
PHYS 152 at USC over the Summer,Question,c9966f0e70bf,0,6,7,2026-01-21 02:03:55
USC EdD in Educational Leadership Application,Academic,86e267ef40f8,6,4,5,2026-01-21 02:20:16
Ok does everyone have the flu,Discussion,ed1cb6e2679d,10,35,36,2026-01-20 13:42:59
graduate admissions timeline,Question,c2f25720bd56,14,7,8,2026-01-20 23:22:17
David Belascos BAEP 470 or Anthony Borquezs BUAD 301 Tech Entrepreneurship,Question,e090447771ec,0,4,5,2026-01-21 01:21:51
StuhoElement housing,Housing,defc8d397add,3,2,3,2026-01-21 01:10:43
WES,Academic,27bdcd18e1c5,0,2,3,2026-01-20 16:46:11
heytea,Clubs | Campus Life,58f37bdc6506,11,10,11,2026-01-20 06:19:22
Internal Transfer Question,Academic,675295749085,1,1,2,2026-01-20 16:21:50
Gateway Smell in Apartment,Housing,d71d02111b5e,2,3,4,2026-01-20 07:48:52
USC EA Financial Aid Package,FinancialAid,d78fd25086f6,8,8,9,2026-01-20 02:13:14
Housing for next year help,Housing,9f15539a0023,1,3,4,2026-01-20 06:56:13
Best sophomore housing options Through USC,Housing,12d34ae0fbcf,4,6,7,2026-01-20 00:35:47
Any community college transfers Also would living in echo park off campus be too much of a commute,Question,c5b0d5fe7f1f,22,7,8,2026-01-19 17:24:31
What counts as community service for Norman Topping Scholarship,FinancialAid,b0bd3f8d9d01,0,4,5,2026-01-19 20:13:45
ISO Off Campus Housing,Housing,defc8d397add,12,2,3,2026-01-19 23:27:48
Thoughts or insights into usc Marshall or international relations,Question,c5b0d5fe7f1f,0,4,5,2026-01-19 21:10:50
What Housing,Housing,aa3bbf410211,21,9,10,2026-01-19 05:21:50
Piano Practice Rooms for nonmusic majors,Other,2f58a0553446,3,7,8,2026-01-19 06:50:40
Does dulce make their own cakes or buy it somewhere else,Question,0d03dd5ff605,4,24,25,2026-01-18 22:18:19
How do you stay motivateddisciplined,Discussion,3f3a0296292a,10,22,23,2026-01-18 18:47:16
Bars near campus with a chill vibe to read and play some pool at,Question,f98e04ab55fa,6,10,11,2026-01-18 22:52:08
Admitted students gc 2026,Academic,728a7a471699,0,2,3,2026-01-19 06:43:25
off campus housing recc,Housing,1d3580b02d92,4,3,4,2026-01-19 00:27:09
recently admitted tell me all the pros and cons of USC,Question,4d7d7d1bf6ea,87,53,54,2026-01-18 06:42:56
FAFSA not received on the FAST portal,FinancialAid,912d4d1262d3,5,3,4,2026-01-18 14:56:05
Anyone throwing tonight,Clubs | Campus Life,b6a4a6bde442,0,0,0,2026-01-19 02:37:08
Is the Summer Program worth it for Marshall,Academic,ffcb0ee707ce,3,4,5,2026-01-18 10:14:47
CSCI 577A and 644 reviews,Academic,92fbf290be25,0,3,4,2026-01-18 08:01:59
Any advice for an incoming Creative Writing major,Question,bbd661802184,4,8,9,2026-01-18 01:59:28
Neuroscience BA vs Health and Human Sciences BA,Academic,1956a58aa885,4,3,4,2026-01-18 00:01:20
USC EA Admit,Discussion,675295749085,10,23,24,2026-01-17 03:07:43
Accepted Next Steps,Question,7925a089fe44,14,11,12,2026-01-17 05:27:39
Please help with double majoring,Academic,e1edcb48b615,3,1,2,2026-01-17 17:32:12
On Campus Job,Question,70c99732bcb6,10,12,13,2026-01-17 02:54:31
USC discord,Academic,2c7a6998e8d6,1,4,5,2026-01-17 04:17:30
Sophomore Housing  Honors,Housing,b2fa53336441,9,3,4,2026-01-17 02:30:13
How feasible is switching into Cinema and Media Studies Major from Dornsife,Academic,046e0338b2b3,1,3,4,2026-01-17 02:06:03
GEOL 126 Lab Swap,Academic,d713693b1c29,0,2,3,2026-01-17 00:56:18
FAST Portal,FinancialAid,7aba1a093fd3,2,3,4,2026-01-16 20:11:24
graduate assistantship,Question,b572a814e5d6,3,3,4,2026-01-16 17:16:09
Best way to get to Cedars Sinai from USC,Question,81798ce02f81,3,5,6,2026-01-16 02:29:58
Looking for intramural bball team,Sports,7c8dd344de02,1,3,4,2026-01-16 04:52:24
What clubs are you joiningchecking out this semester,Clubs | Campus Life,acd14f854c48,2,6,7,2026-01-16 01:19:52
DEN Proctor Bay Area,Academic,63430f83df3e,1,3,4,2026-01-16 00:10:45
delete petition,Question,5b5afad86d8e,13,2,3,2026-01-15 20:52:12
Where is HOHEDI,Question,8700667cec94,1,2,3,2026-01-15 20:51:11
Rock  Reillys,Question,c9609f0c274b,1,18,19,2026-01-15 04:51:42
Piano for students to play on campus,Question,950016a49dda,9,12,13,2026-01-15 03:54:23
Anthropology PhD studentsresearch proposal,Admissions,9a121c93f19d,1,6,7,2026-01-15 03:51:50
OpenAI  ChatGPT Edu,Discussion,3901bdbaf444,21,27,28,2026-01-14 18:04:54
Whens the Frat Rush,Clubs | Campus Life,ffcb0ee707ce,0,0,1,2026-01-15 09:39:05
is it worth it to apply to dka again after getting rejected twice before,Clubs | Campus Life,497933df4658,0,8,9,2026-01-14 21:25:09
cowlings and ilium aircon,Housing,3d6c60273f8e,3,2,3,2026-01-15 03:27:18
chem105b study group Bertolini,Academic,defc8d397add,0,2,3,2026-01-15 00:44:24
Travel Abroad Question,Question,7fd6d5be3532,0,2,3,2026-01-14 22:57:29
Soph roommate of opposite gender in housing lottery,Housing,5d2c09fa24ce,12,2,3,2026-01-14 20:52:25
acting call back,Question,104e5a99df4c,0,1,2,2026-01-14 22:07:26
Loans help,FinancialAid,dd6c77948d52,1,2,3,2026-01-14 18:17:14
USC Marshall MBA cost of attendance,Housing,7dff992c7b98,0,1,2,2026-01-14 20:58:06
How hard is it to make the spirit leaders team,Question,1a7b6c5cdfed,2,6,7,2026-01-14 06:42:19
Is USC having AI read applications this year,Question,0d03dd5ff605,2,15,16,2026-01-14 00:25:50
USC Call of Duty Tryouts,Clubs | Campus Life,e6acc211aa4a,0,7,8,2026-01-14 02:17:39
What to do for Sophomore Housing Lottery with no Roommate,Housing,12d34ae0fbcf,6,4,5,2026-01-14 03:58:38
Lost Phone,Other,dc546fceaeae,0,6,7,2026-01-14 01:13:19
Stop walking in the bike lanes around campus,Discussion,99d24c7fac16,26,0,0,2026-01-14 17:53:43
PHIL260,Academic,b9030758f889,0,1,2,2026-01-14 07:18:50
tac 460 web dev project,Academic,226ba3c4d138,1,1,2,2026-01-14 07:18:00
Anyone willing to switch GESM120 g with me,Academic,d842245f3731,2,1,2,2026-01-14 06:58:03
Easiest Upper Division Film Classes,Academic,525027f79db3,1,1,2,2026-01-14 04:14:04
Im new student,Question,8634f2409cc2,2,4,5,2026-01-13 18:58:12
Questions on IF I should Rush and Where,Clubs | Campus Life,ffcb0ee707ce,3,1,2,2026-01-13 23:37:10
Is anyone taking CSCI 567 CSML with Professor Vatsal Sharan,Academic,6de18dd022b5,1,2,3,2026-01-13 17:29:59
Best times to go to the gym,Clubs | Campus Life,feb30f50ff6c,5,0,1,2026-01-13 16:17:25
How much are your parents paying,Academic,b6590b9b978d,87,25,26,2026-01-12 21:49:13
transfer student never felt more alone,Discussion,6d285fe652c0,46,40,41,2026-01-12 16:28:35
Can I still go to the student health center if I waive the student health insurance,Question,,6,3,4,2026-01-13 06:35:10
Considering USC MHC Architecture  Worth It,Question,1578825eb507,1,6,7,2026-01-13 00:44:30
Resources for mental health,Question,e87cf60ff31b,6,5,6,2026-01-12 23:25:37
Do I need to fill out the CSS profile again,FinancialAid,bc63612c0304,3,4,5,2026-01-12 20:40:28
Taking Both HBIO 302 anatomy  BISC 307 physiology doable,Academic,b6a4a6bde442,4,4,5,2026-01-12 19:16:36
Any Pakistani MS Spring 26 Students Would love to connect,Question,09404561ba10,0,2,3,2026-01-13 00:13:59
Do we need to reapply for UPass each semesteryear,Question,f0bc27c98ccf,6,4,5,2026-01-12 20:11:54
Trading MASC310 lab session,Academic,0e7cdb4f451a,0,1,2,2026-01-13 00:05:21
Marshall vs Dornslife what are your experiences,Question,1956a58aa885,10,6,7,2026-01-12 17:04:35
Do labs start week 1,Academic,259e85a7aa71,6,1,2,2026-01-12 19:04:53
If accepted as a transfer to Marshall  how realistic is doing 16 units during my first semester and the other 3 semesters with 18 units,Question,d49b60ac4f89,6,8,9,2026-01-12 03:11:26
outdoor seating with outlets,Discussion,4eebf6ec130c,9,12,13,2026-01-11 23:29:56
how to find affordable rooms in the houses near campus,Housing,1ff81b3062c6,5,3,4,2026-01-12 02:59:44
lab coat and goggles,Academic,b89d084eae76,6,2,3,2026-01-12 04:28:46
Anyone dropping the IDSN585 Capstone,Academic,f042ac24d1b9,0,1,2,2026-01-12 08:00:48
writ150,Professors,eaf68504e6cb,3,6,7,2026-01-11 22:30:10
marshall internal transfer to joint major,Question,8cf1471d69cd,0,3,4,2026-01-11 10:29:53
Confused between choosing classes for CSCI Spring26,Academic,8d7ee352b98e,2,3,4,2026-01-11 08:29:08
How do you get a UPass card,Question,3ff111c16a9a,10,18,19,2026-01-10 22:09:21
When should I expect my 20262027 financial aid package as a current freshmen,FinancialAid,c0738ebe695c,4,4,5,2026-01-11 04:39:17
General question sophomore on campus housing process vs off campus,Housing,5d2c09fa24ce,1,5,6,2026-01-11 03:15:26
MAcc program decision timeline,Admissions,2548403a7a11,11,2,3,2026-01-11 08:12:59
BUAD 304 Mada,Academic,151d0eb70bd9,0,3,4,2026-01-11 03:42:55
Damn the music at Lyon loud asf today,Discussion,44696a02a975,3,4,5,2026-01-11 01:51:14
Looking for people who studied English between 20192023,Question,20e0e6cb797f,0,2,3,2026-01-11 04:17:14
Is anyone offering vocal lessons,Question,e289738e24dd,2,3,4,2026-01-11 00:22:20
Pickup soccer at usc,Clubs | Campus Life,feb30f50ff6c,2,3,4,2026-01-10 21:41:13
SOCI 242,Academic,ad1fd857b6cd,1,2,3,2026-01-10 22:28:03
ISO Yoga Mat,Question,331d7e0f7692,1,2,3,2026-01-10 19:09:38
Student Email Template,Question,369acb304ef8,4,0,0,2026-01-11 02:01:22
Are there any groupschats for BME grad students or general is fine as long as its not just undergrads like GroupMe or discord,Question,82efa37099cb,0,2,3,2026-01-10 11:07:50
How do I look up reviews for classes other than ratemyprofessor,Question,82efa37099cb,1,3,4,2026-01-10 11:05:35
Missed USC Fee Payment Deadline by an Hour,Question,92fbf290be25,13,5,6,2026-01-10 03:31:35
am I cooked transferring from a t20 to usc with a 378 gpa prob will be a little lower with usc recalculation,Question,a07dcddb5b56,6,0,0,2026-01-10 17:46:26
TAB Tuition Assistance Benefits I am a 15 years exUSC employee Does the university still give dependent tuition benefits to former empoyees,Question,7e4ae6fad2b0,9,18,19,2026-01-09 17:38:22
CSCI 567 Machine Learning Course with Prof Sharad Vatsal,Academic,6de18dd022b5,6,7,8,2026-01-09 22:24:27
Chatgpt Edu  USC Whats going on,Question,a33407ce7823,11,20,21,2026-01-09 15:25:05
Quick Question From A First Year Applicant,Question,b5ea80e34eda,3,1,2,2026-01-10 07:44:54
USC Master of Arts in Teaching I Got In,Admissions,06c5e5bb51fb,24,9,10,2026-01-09 16:54:17
MSCS courses,Academic,21c39678b6a0,4,2,3,2026-01-09 23:54:49
Regret not applying for RA  what are the worst parts of the job,Housing,01bedc5c2044,22,15,16,2026-01-09 09:23:54
CSCI 587 Geospatial Analysis,Question,6de18dd022b5,0,1,2,2026-01-09 22:35:45
USC Students How iswas your major Likesdislikes regrets postgrad plans and vibe,Academic,1956a58aa885,6,10,11,2026-01-09 08:16:27
Lost hat in lyft,Other,bcea7b964782,6,11,12,2026-01-09 05:32:37
Any tips for surviving BUAD 311,Academic,87b50468df11,4,4,5,2026-01-09 07:56:49
Final semester things to do,Question,c2748fe5505f,12,30,31,2026-01-08 20:11:55
OT 251 OT 260  SWMS 212 vs HIST211,Academic,6b7a98ce7dc0,1,2,3,2026-01-09 03:29:33
Fred Leeds Property Management Reviews,Housing,bb5d499270d5,0,1,2,2026-01-08 19:49:54
Need classes,Academic,29f000ebe2e0,1,0,1,2026-01-08 18:58:34
Offcampus housing lease dispute seeking advice  similar experiences,Question,975233acb491,3,7,8,2026-01-08 04:28:04
Acting in SCA Student Films,Question,6efd1b400ca3,3,6,7,2026-01-08 03:38:53
offering a ride to Bay Area back on sunday,Other,b955369fdd28,1,0,0,2026-01-08 17:27:56
Marshall Finance Emphasis Course Advice FBE421,Question,1372eb37f09a,3,7,8,2026-01-07 23:38:21
Looking to joincreate intramural volleyball team,Question,39789212ecf3,1,2,3,2026-01-08 04:44:46
psyc 454 with leor hackel advice,Academic,3bddc9aa8ae6,5,2,3,2026-01-08 01:38:52
OT260 CHP Building,Question,1b4a74209626,4,1,2,2026-01-08 04:36:47
uh which usc majors do grade deflation idk if you can call it deflation but for some programs they can only give 40 of kids As and As according to a prof I had vs not Like business psych cinema pr history cs etc,Academic,8c51a7929fed,10,0,1,2026-01-08 02:50:48
When do EA results typically come out,Admissions,59011eb18b6c,7,9,10,2026-01-07 13:27:20
Gerontology Program,Question,53655f973f49,3,5,6,2026-01-07 12:22:51
USCs unacceptable silent class unit increase update,Academic,af77b68202bb,11,66,67,2026-01-06 21:44:43
What volunteer opportunities that can give clinical hours are in the area,Question,82efa37099cb,2,5,6,2026-01-07 07:07:26
den@viterbi scholarship,Question,bc4ca451e9f5,4,7,8,2026-01-07 03:13:31
PHED 140 swap,Academic,96278b30659a,0,3,4,2026-01-07 05:33:06
USCs MS in Economics and Data Science MECDS program,Question,4acd7c90405c,0,6,7,2026-01-07 01:04:16
When do dorms reopen @usc,Academic,4b72967b8094,6,14,15,2026-01-06 04:20:49
hair salons near campus,Question,cad119a84b40,6,6,7,2026-01-06 07:20:14
Spring Admit Transcript,Question,c0738ebe695c,3,7,8,2026-01-06 04:50:26
Meal Plan,Question,c0738ebe695c,1,5,6,2026-01-06 04:38:42
anyone in buad 280,Academic,a43112ea688e,0,4,5,2026-01-06 04:03:08
Spring admits,Discussion,bcea7b964782,28,10,11,2026-01-06 00:25:27
spring involvement fair,Question,58f37bdc6506,3,6,7,2026-01-06 00:43:37
Dependent of US VeteranActive MilitaryReserves Fee Waiver,Question,23434adcf134,1,5,6,2026-01-06 03:06:00
Catalina Maymester,Other,22fe0161df47,4,3,4,2026-01-06 02:57:02
how to prepare for Skibo,Academic,f4c583f663f2,9,5,6,2026-01-06 00:06:13
fighting on next semester,Other,87b50468df11,3,59,60,2026-01-05 09:28:35
University Gateway bed size,Housing,,9,6,7,2026-01-05 21:43:08
CSCI 567 Machine Learning vs DSCI 552,Question,6de18dd022b5,3,6,7,2026-01-05 23:40:20
questbridge eard question,Question,d358117fe796,2,2,3,2026-01-05 23:52:52
regarding Phys 151 transfer evalution,Academic,da8572a286b0,1,2,3,2026-01-06 00:07:14
USC Payment Plan Help,FinancialAid,8d27e91f27f7,9,3,4,2026-01-05 21:47:39
Good Dornsife 2 unit electives,Question,fd471e3d32ed,13,6,7,2026-01-05 18:49:26
Visiting USC this week,Question,b6590b9b978d,27,31,32,2026-01-05 05:19:41
Intro to poetry writing syllabus,Question,f2e0aa0cfd3c,0,3,4,2026-01-05 10:55:52
reasonably priced hair salons for women near usc,Question,37c84c8ba93b,3,8,9,2026-01-05 03:49:41
med post secondary administration and student affairs,Question,2068a102f1b8,11,3,4,2026-01-05 05:22:40
whom do i contact to report a students online racist and other questionable online behaviour,Question,cd54aa2cf628,3,0,0,2026-01-05 21:33:48
Tuition Bill,Question,b2fa53336441,1,4,5,2026-01-04 21:31:44
going out places,Question,df06e32a9825,7,5,6,2026-01-04 20:34:07
Pell Grant and Federal Loan disbursement,FinancialAid,4f8984318e78,8,5,6,2026-01-04 06:05:43
FAST Required Documents,FinancialAid,d2d7b8b58a57,8,4,5,2026-01-04 05:16:15
Surviving PHYS 151,Academic,322a15f43056,2,6,7,2026-01-03 22:45:51
payment plan,Question,36531333f0c1,8,4,5,2026-01-03 17:33:15
How to opt of digital study materials,Academic,c87bec8dd16b,1,10,11,2026-01-02 18:47:53
For those who took HBIO 370 w Polidorihow tough was it,Question,637ea0c02d18,1,2,3,2026-01-03 02:31:44
Annenberg Kira Interview Advice,Admissions,71a955643c50,1,4,5,2026-01-02 21:45:44
Does work study rollover to next semester,FinancialAid,f4c583f663f2,7,1,2,2026-01-02 23:41:00
Marshall transfer,Admissions,7bc27075946b,7,7,8,2026-01-02 17:31:32
How to Access free ChatGPT,Question,,7,2,3,2026-01-03 01:11:25
How to choose a major strategically as a latedeclaring USC junior,Academic,1956a58aa885,8,0,0,2026-01-03 00:42:23
Regardless of tonights game against UMich,Sports,7e6969e5c3bc,7,0,0,2026-01-03 04:03:02
USC transfer app question,Academic,a07dcddb5b56,6,5,6,2026-01-02 03:02:31
CSCI201  what are the labs like,Academic,db0403f3a38c,3,6,7,2026-01-01 22:52:22
rUSC Monthly BuySell Housing Carpool and USC ticket posts go here January 2026,,ac31a11084d4,172,13,14,2026-01-01 14:01:27
Dr Eric Heller  ANTH321 ily,Academic,22fe0161df47,0,7,8,2026-01-01 11:35:03
What is the SOSB building,Question,3ff111c16a9a,5,2,3,2026-01-01 18:16:13
Keep Switch Drop What Classes to Pick and Why,Academic,8a346a518590,0,6,7,2026-01-01 08:07:48
CSCI 401 Section Swap Needed,Academic,3554f7ecc7cd,3,4,5,2025-12-31 16:34:37
Im finding it impossible to wrap my brain around it,Question,65a81955ff7f,7,23,24,2025-12-31 05:51:29
Does anyone know the brand name of the fixed barbells in the usc gyms,Question,b732689dd07b,0,1,2,2025-12-31 20:41:14
SlideroomCreative Supplement Questions,Question,41f561c8e783,2,4,5,2025-12-31 06:08:43
rCFB donation drive  will donate on your behalf,Other,83fd18469810,38,31,32,2025-12-30 16:35:14
graduating under the max required units,Academic,14e08a5a38d6,16,7,8,2025-12-30 15:28:33
Spring Admits Housing,Question,6d35797b863b,4,5,6,2025-12-30 05:36:45
Is campus open right now to public,Question,ff617cc69338,3,9,10,2025-12-29 18:50:21
Village Pilates studio  thoughts,Discussion,1432cbe2cc28,1,9,10,2025-12-29 18:27:23
RNR04 Restriction What the hell is this,Question,81f5f7fda332,4,4,5,2025-12-29 22:09:53
Movein tips,Question,412b9baeae5c,13,7,8,2025-12-29 15:38:52
Places on campus that look like a traditional office with cubicles,Other,420834a5a66c,8,21,22,2025-12-29 03:21:12
Got admitted to USC Fall 2026 MS ECE,Question,499fc711c61f,20,7,8,2025-12-29 07:56:38
Question about wanting to enroll,FinancialAid,75fe9085ebb4,2,2,3,2025-12-29 10:03:46
commuting to graduation,Question,49279a18ce66,10,5,6,2025-12-29 05:00:31
Switching majors between schools,Question,ae6494f5693c,5,7,8,2025-12-29 02:26:41
Transfer Writing Req Question,Question,7f64e66dc1cd,6,6,7,2025-12-29 02:32:43
Anyone taking SOCI 235,Question,a53335bf1b1c,2,3,4,2025-12-29 03:48:05
Textbook requirements,Academic,783ab1b1695b,3,3,4,2025-12-28 23:06:04
How to have a better experience at usc,Question,dd6c77948d52,14,30,31,2025-12-28 01:31:30
Pickup books during winter break,Question,7dda2b385cd0,1,0,1,2025-12-28 17:40:20
Premed ochemphysicsbiochem recs,Academic,a23ed97a108c,5,8,9,2025-12-28 04:50:47
Buad 305,Question,5d85b35e749c,0,6,7,2025-12-28 05:09:56
Hoping To Transfer,Admissions,5003275e55c0,9,7,8,2025-12-28 02:14:09
ISO affordable motel or hotel,Question,8812494b0723,7,3,4,2025-12-27 19:52:09
Coolest classes to take at usc,Academic,5ca961acc5aa,30,38,39,2025-12-27 04:08:26
subleasing  WHEREHOW to get REAL LEADS,Question,a20bf9921eaa,13,4,5,2025-12-27 17:24:15
cookingbaking club,Clubs | Campus Life,80c76c06c5a3,2,4,5,2025-12-27 12:31:47
To any transfers did you guys get good aid,FinancialAid,bb83fd111efd,15,1,2,2025-12-27 17:31:06
any usc peoplealums in houston,Question,37c84c8ba93b,5,14,15,2025-12-27 02:34:23
Easiest GEB or GEC classes Ones that are also G also needed For spring,Academic,5ca961acc5aa,4,6,7,2025-12-27 04:16:09
Guys how much would I pay,Question,c35fadcda993,8,9,10,2025-12-27 00:45:13
How do I hire a fellow Trojan,Question,99ef98e3d2eb,14,27,28,2025-12-26 16:30:42
What are the Geniune Problems w USC seems long but there are sample questions feel free to just tell me,Question,29b659a9dd30,72,27,28,2025-12-26 15:03:12
Im a business owneralum and I need to find a student who is good at digital marketing and looking for an internship Where should I look to find someone like this,Question,dcdbe2b938a3,7,7,8,2025-12-26 18:59:30
Refund for Health insurance opt out,Question,bbbefab4f425,2,11,12,2025-12-26 05:11:09
Financial aid for OOS Students,Question,88a4698cb67a,8,0,0,2025-12-27 00:43:14
Spring 2026 Off Campus Housing for International Students,Question,09404561ba10,11,9,10,2025-12-25 20:35:44
going to get in,Other,6866a72ef0fd,43,239,240,2025-12-25 01:21:19
How much is health insurance supposed to be,Question,efe644404cc1,6,4,5,2025-12-25 20:04:18
Reevaluation of grade,Academic,40b8d3b39dc7,9,2,3,2025-12-25 18:53:21
Have you all received your grades yet,Academic,bc4ca451e9f5,8,13,14,2025-12-25 00:52:33
Job,Question,a49bfb3738ea,3,5,6,2025-12-25 05:15:33
USC MBA reputation,Question,2585ee1699c7,27,27,28,2025-12-24 15:44:27
Missing grade on transcript  what does this usually mean,Academic,96c5104becee,15,27,28,2025-12-24 02:33:52
when does summer 2026 catalogue come out,Academic,818e817c796a,2,5,6,2025-12-24 05:56:56
How safe is the area surrounding campus,Clubs | Campus Life,5cc0ca310820,25,4,5,2025-12-24 04:11:35
CSCI522 Game engine dev course alignment question,Question,086f721213fa,2,4,5,2025-12-23 19:36:10
Ochem2 with kyung,Academic,837f4f45da8b,6,3,4,2025-12-23 18:08:45
Review on Distributed Systems by Prof SeoJin Park CSCI 599,Academic,14b4c1023693,5,8,9,2025-12-23 10:26:38
Does Final report matter,Question,4740850e7c16,9,2,3,2025-12-23 16:12:12
Opt Out Digital Course Materials Spring,Academic,,4,14,15,2025-12-23 02:19:34
Questions on Course Producer in Viterbi,Question,f8ac0da93bc2,4,9,10,2025-12-22 03:26:51
TCC stairwell,Question,6ed90a8260b6,0,3,4,2025-12-21 23:51:45
USC Online DEN@Viterbi masters programs question,Academic,e556daf05958,4,5,6,2025-12-21 21:37:02
Spring 2026 MSCS Is Arriving 1 Week Late Manageable,Academic,579f9cd32d28,5,4,5,2025-12-21 17:55:16
6k is the minimum due but Im broke asf,FinancialAid,716388c63746,17,18,19,2025-12-21 05:45:43
How to get USC  San Jose,Question,6c50003ce616,21,22,23,2025-12-20 20:53:55
financial aid appeal,FinancialAid,ee3cd336b0af,8,8,9,2025-12-21 01:11:05
question about walking at spring 2026 commencement as pdp student,Question,6ffb02246ff6,4,6,7,2025-12-20 08:01:06
Math 118 Final Grade,Other,d2d7b8b58a57,4,7,8,2025-12-20 07:27:57
MATH 125 final grade,Academic,40b8d3b39dc7,3,5,6,2025-12-20 08:27:12
Last DSCI elective advice,Academic,062b936d238e,2,7,8,2025-12-20 02:35:28
Hbo Max Cancelled,Question,bc6dffa66773,11,13,14,2025-12-19 21:40:44
WorkStudy Funds,Question,d2d7b8b58a57,2,6,7,2025-12-20 00:30:45
USC Student Pay shows duplicate Spring housing charge,Housing,c0738ebe695c,4,2,3,2025-12-20 07:53:27
Can someone share the WhatsApp group link for Fall 2026,Question,f8203f0878c5,6,4,5,2025-12-19 20:52:10
How to get a deferral URGENT,Academic,09412e5a30c0,3,0,0,2025-12-19 19:49:23
USC Not Eligible for Cal Grant,FinancialAid,a6a71b446486,19,5,6,2025-12-19 02:43:43
obligatory 2 credit course recommendation request,Academic,b732689dd07b,13,6,7,2025-12-19 03:28:44
drive test,Other,29f000ebe2e0,9,5,6,2025-12-18 22:02:39
Structuring freshman year courses to transfer to USC,Question,a121bbd7676b,9,6,7,2025-12-18 15:18:18
Random q,Question,1d5ac6f2d817,2,0,1,2025-12-18 19:48:58
What is usually the cutoff between an A and A,Question,82efa37099cb,14,10,11,2025-12-18 02:28:15
On Campus for WinterSpring,Question,957b165fac0b,7,4,5,2025-12-18 05:58:17
questions for those that pay for offcampus rent with their refund,Housing,ee3cd336b0af,4,5,6,2025-12-18 03:24:56
Opt out digital course material,Question,db8d5e245365,9,3,4,2025-12-18 04:24:34
Spot for Woodworking,Question,f1074afa4894,5,5,6,2025-12-17 19:25:55
The Dornsife restructuring felt like a black box Did anyone else see this,Academic,59f1926b5284,7,76,77,2025-12-16 19:29:43
Parking permit,Other,dd6c77948d52,27,0,1,2025-12-17 17:19:09
Residential Dining,Question,6c0560d22bcf,3,3,4,2025-12-17 10:00:49
Coliseum Section 311 worth it,Sports,d7a284de22b6,4,3,4,2025-12-17 07:10:55
Which has less internal transfer in Viterbi,Academic,e7838b338228,4,4,5,2025-12-17 04:20:19
Russia in the Modern Era,Academic,783ab1b1695b,1,2,3,2025-12-17 03:38:04
PPD 330 or HP 365 advice,Academic,3bddc9aa8ae6,1,2,3,2025-12-16 21:49:46
Who wants a rest area in leavey,Discussion,7d8aa528acba,17,38,39,2025-12-16 02:05:08
Does anyone live in an off campus housing that they actually like,Housing,9e1e36411df4,22,24,25,2025-12-16 03:34:55
Leavey Germs,Other,d5285216cc8d,16,80,81,2025-12-15 18:26:06
How to get a deferral URGENT,Academic,09412e5a30c0,11,2,3,2025-12-16 16:45:14
Employee Tuition Assistance Benefit a scam or just explained poorly,Discussion,45e1f304f5f1,18,10,11,2025-12-16 01:16:24
Can you get your teeth cleaned at the USC dentistry school,Question,3ff111c16a9a,10,9,10,2025-12-15 23:53:58
Annenberg grad school,Question,fac8973ade1c,1,4,5,2025-12-15 22:48:38
Caught for AI,Academic,7cd17ab5e649,16,0,0,2025-12-15 17:38:48
Admitted to USC Online MFT 2026  Looking for Honest Experiences,Academic,16dc0bedc439,9,6,7,2025-12-15 06:08:47
WBB Decisions,Academic,5c8f4c48e73e,3,3,4,2025-12-15 06:24:38
Thornton DMA questions,Academic,a6706d170107,1,5,6,2025-12-15 03:57:48
Send Thank You emails to advisors professors and TAs,Professors,22fe0161df47,5,95,96,2025-12-14 06:26:42
Aerospace Program,Academic,aa3bbf410211,13,10,11,2025-12-14 18:00:22
Incoming Exchange Student,Clubs | Campus Life,efb11675f16a,15,6,7,2025-12-14 17:34:47
Why are there so many people who cant use the bike lane properly,Question,f397b9aa7272,9,17,18,2025-12-14 03:46:44
USCs unacceptable silent class unit increase,Academic,af77b68202bb,14,73,74,2025-12-13 18:39:32
Stranded in LA During Winter Break,Discussion,,19,29,30,2025-12-13 22:04:53
Ginsburg hall open hours,Question,a6cde56ddf79,4,9,10,2025-12-14 04:28:57
Can I graduate with a D CSCI,Academic,e9e8662661d2,1,6,7,2025-12-13 21:22:20
GERO320321 with Dr Hoe,Academic,a23ed97a108c,3,4,5,2025-12-13 19:14:11
usc winter break shuttle signups close tonight,Clubs | Campus Life,6924c0937533,11,40,41,2025-12-13 01:31:36
Has anyone lived at the Trojan Village Apartments,Housing,79a2eb64859c,4,5,6,2025-12-13 06:18:28
BUAD 302 Advice for Spring,Academic,4b456fc301c5,3,6,7,2025-12-13 06:14:34
Business of Cinematic arts ED,Academic,a38339968a28,5,5,6,2025-12-13 04:45:55
Found Airpods case,Other,bfbf9fad9c65,0,3,4,2025-12-13 03:53:32
Math 125,Academic,dd6c77948d52,3,2,3,2025-12-13 05:08:52
Whats everyones tuition as an undergrad,Discussion,db8d5e245365,16,2,3,2025-12-13 08:06:22
Chem 105a,Academic,dd6c77948d52,9,4,5,2025-12-12 20:24:50
marshall students,Academic,097040e57e5a,7,17,18,2025-12-12 07:11:16
Best Electives for Marshall Students,Academic,ffcb0ee707ce,2,5,6,2025-12-12 02:37:44
Please use deodorant,Discussion,e46f18cb0cb7,9,154,155,2025-12-11 04:56:56
Rating,Question,81f5a2015abc,1,4,5,2025-12-11 23:18:16
so r they just doing jackshit about the dining halls  evk,Discussion,a33407ce7823,12,40,41,2025-12-11 07:53:53
spring admit how do i get my fall cal grant,FinancialAid,bf43eb92747c,2,3,4,2025-12-11 19:20:36
do apartments like the hub fig west 27th do springonly leases,Housing,605912ff134b,6,3,4,2025-12-11 18:12:19
CHON cover band,Meme,1a64cbc8f008,0,1,2,2025-12-11 21:33:41
Fire Alarm,Other,4e6396232c46,1,11,12,2025-12-11 01:53:35
Does anyone know where the muffins are from,Question,a45fe751f54b,4,19,20,2025-12-10 21:55:52
printing,Question,df06e32a9825,4,8,9,2025-12-11 02:03:41
Taking BUAD 305 as someone who has never taken accounting before  is it manageable,Academic,db8d5e245365,5,4,5,2025-12-11 06:59:03
New to the area,Question,f397b9aa7272,2,4,5,2025-12-11 03:41:49
Please tell me everyone had a shit Calc 1 exam,Academic,40b8d3b39dc7,6,7,8,2025-12-11 00:32:36
Who do I have to pay to get one of those rowing scholarships to get in the side door,Academic,7995f179cb5f,8,0,0,2025-12-11 15:53:51
Need help with merch ideas,Question,e3dbf9ddc7df,1,5,6,2025-12-11 00:55:14
USC is the university of Southern California,Discussion,,80,246,247,2025-12-10 01:21:00
Free use of manpower,Academic,6b947c04ba67,0,6,7,2025-12-10 18:52:29
El Rodeo 2018 Yearbook,Question,f58570b751b9,0,3,4,2025-12-10 21:44:42
why are you in leavey if you are sick,Discussion,770768309a5c,10,57,58,2025-12-10 02:35:32
Summer classes,Question,3ff111c16a9a,2,1,2,2025-12-10 19:17:02
math 125 grading scale,Question,8cf1471d69cd,5,4,5,2025-12-10 06:03:05
Is it worth pursuing SCA given the state of the industry,Academic,9d4cd49e1446,10,5,6,2025-12-09 21:08:58
HBio 301 Anatomy Maymester with Kwast,Academic,77c24390392e,3,2,3,2025-12-10 02:25:42
Question About USCs InPerson Spanish Placement Exam CDP Result,Question,3decb47d19cc,3,7,8,2025-12-09 18:27:59
Does anyone know which study cafe Im referring to here,Question,82efa37099cb,8,4,5,2025-12-09 19:55:50
swms 392,Academic,0ff64fdfdc49,0,1,2,2025-12-10 02:32:11
Is Need Based Financial Aid gonna get impacted by USCs financial troubles,FinancialAid,71f4620f5bd4,1,9,10,2025-12-09 11:26:52
Watch where youre driving,Other,e8a45e950b88,10,53,54,2025-12-08 18:27:14
Is the administration at this school poordisorganized or did I just have a oneoff experience,Discussion,4d1a0be57e4d,30,15,16,2025-12-08 18:56:51
3 exams in one day am I allowed to reschedule one,Question,9e1e36411df4,15,21,22,2025-12-08 16:33:21
Pretty Sure I Was About to Get Jumped Tonight,Other,8d0273af31b3,11,133,134,2025-12-08 03:03:20
Grades,Academic,041b3ef0da39,7,2,3,2025-12-08 22:57:15
Does the Affordability Initiative apply to transfer students,Question,197bbda5e20d,10,8,9,2025-12-08 00:17:49
Insurance options for USC waiver,Other,dd19d6e4c28d,2,4,5,2025-12-07 15:14:29
Suggestions for 500 level CSCI course and why,Academic,1704a4af0630,6,5,6,2025-12-07 08:48:11
6 credits short from graduating,Question,6bb157dc3b2d,3,8,9,2025-12-07 01:09:36
Work study,FinancialAid,,4,8,9,2025-12-06 19:54:53
USC Marshall 30 ED Applicant Group Chat,Academic,a76854306a31,2,2,3,2025-12-06 23:25:32
Tennis or Pickleball,Question,530f76ba84b8,18,3,4,2025-12-06 16:34:53
